product_id,user_id,companion_type,nationality,stay_days,pros,cons,review_text,
OWN_001,U001,家庭,台灣,1,老闆的熱情，細心介紹，服務周到且熱情,無提及,很慶幸旅程中選擇了這間民宿。除了空間設計溫暖舒適外，老闆的熱情更是這趟旅行最美的風景。謝謝老闆細心的照顧與分享，讓我們在陌生的城市感受到家一般的溫暖。如果你在找一間有靈魂、有溫度的住宿，這裡就是標準答案。 房間寬度與舒適度都在水準之上，環境安靜優雅。民宿老闆非常有溫度，服務周到且熱情，各個細節都照顧到了。想找高 CP 值且住得舒心的地方，選這裡準沒錯！,
OWN_001,U002,家庭,台灣,1,非常棒的性價比、服務環境都好,無提及,毫無猶豫的給石璞會館5顆🌟，從外觀就讓人吸睛，內部設計也非常有特色，整潔、提供的飲料、零食也都很足夠，更要值得一提民宿大哥非常貼心、熱心的服務，非常推薦2～5人的金門遊在此歇腳，真的能讓旅程更快樂，一層一間的環境也能好好休息，不會被打擾，非常好休息！,
OWN_001,U003,家庭,台灣,1,地點棒、詳細介紹、招待貢糖,無提及,地點就在金城的蛋黃區，晚上附近不少景點可以步行到達. 今次入住時恰好只有我們一組客人，等於是全棟讓我們使用😀.民宿host非常的親切且熱情，除了詳細的介紹附近好吃好玩的東西之外，還提供好多貢糖，值得推薦！！,
OWN_001,U004,家庭,香港,1,房間乾淨、交通方便、附近有百年油條與總兵署,無提及,位於景點總兵府旁，又就近金城車站，交通方便，附近食店選擇多。旺中帶靜。裝修精緻，一層樓有兩間客房，剛好另一間房未有租客，可獨享地下的大廳。有冷暖氣，冷熱水機，Wifi，雪櫃，沖茶茶具。房間亦有牙膏牙刷拖鞋毛巾等用品供應。,
OWN_001,U005,單人旅遊,台灣,1,老闆娘超熱情、房間乾淨、床很好睡、地點黃金、CP值高,無提及,老闆娘超熱情、房間乾淨、床很好睡、地點黃金、CP值高 無提及,
OWN_001,U006,單人旅遊,台灣,1,老闆娘好聊、房間乾淨、熱水舒服、有WiFi,無提及,老闆娘好聊、房間乾淨、熱水舒服、有WiFi 無提及,
OWN_001,U007,家庭,台灣,2,四人房大又新、地點極佳、近車站、提供試吃、價格便宜、CP值高、房間寬敞、冷氣強、網路電視、景點走路可達、門禁安全,無提及,四人房大又新、地點極佳、近車站、提供試吃、價格便宜、CP值高、房間寬敞、冷氣強、網路電視、景點走路可達、門禁安全 無提及,
OWN_001,U008,家庭,台灣,3,經常入住、乾淨衛生、老闆熱情、免費冰棒、願意幫扛行李、交通方便,無提及,經常入住、乾淨衛生、老闆熱情、免費冰棒、願意幫扛行李、交通方便 無提及,
OWN_001,U009,家庭,台灣,3,地理位置無敵、適合背包客、週邊美食多、提供免費小點心、茶包無限、房間乾淨、退房有紀念品、可接送機場、CP值高,無提及,地理位置無敵、適合背包客、週邊美食多、提供免費小點心、茶包無限、房間乾淨、退房有紀念品、可接送機場、CP值高 隔音較差,
OWN_001,U010,單人旅遊,台灣,1,老闆娘熱情、提供點心、水果、房間乾淨、免費升等、位置極佳,無提及,老闆娘熱情、提供點心、水果、房間乾淨、免費升等、位置極佳 無提及,
OWN_001,U011,家庭,台灣,3,老闆與老闆娘親切、床好睡、浴室乾淨、熱情到開車接送機場、服務比五星級飯店還好,無提及,老闆與老闆娘親切、床好睡、浴室乾淨、熱情到開車接送機場、服務比五星級飯店還好 無提及,
OWN_001,U012,家庭,台灣,4,地點很好、靠近老街、老闆娘升級房型、提供貢糖水果、整體舒適、願意再次入住,無提及,地點很好、靠近老街、老闆娘升級房型、提供貢糖水果、整體舒適、願意再次入住 無提及,
OWN_001,U013,朋友,台灣,1,老闆熱心、協助安排行程、教導交通、地點優越、名產多、房間整潔乾淨、提供貢糖水茶包、離開時載到機場、送風獅爺、超高服務品質,無提及,老闆熱心、協助安排行程、教導交通、地點優越、名產多、房間整潔乾淨、提供貢糖水茶包、離開時載到機場、送風獅爺、超高服務品質 無提及,
OWN_001,U014,家庭,台灣,2,地點近車站、適合無交通旅客、老闆親切、房間乾淨舒適、床好睡、熱水足、一樓有免費冰棒水果小點心,無提及,地點近車站、適合無交通旅客、老闆親切、房間乾淨舒適、床好睡、熱水足、一樓有免費冰棒水果小點心 無提及,
OWN_001,U100,家庭,中國,1,服務超好房間很乾淨,無,服務超好房間很乾淨 無,
COMP_001,U001,單人旅遊,台灣,3,高CP值、舒適,無,高CP值與舒適的旅店,
COMP_001,U002,家庭,台灣,2,乾淨、近模範街,無,乾淨，靠近模範街,
COMP_001,U003,商務旅客,台灣,1,地點熱鬧、近古蹟老街,無,位於熱鬧的區域，晚上徒步也可以去到很多古蹟及老街~,
COMP_001,U004,家庭,台灣,2,櫃台親切有禮、地點方便、近老街港口與景點、附近美食多、房間乾淨舒服,無,"1.櫃台小姐年輕漂亮,親切有禮貌 2.住宿地點方便,離老街很近,港口很近,到小金門,金西各景點都很近,附近很多吃的 3.房間乾淨舒服",
COMP_001,U005,團體,台灣,2,地理位置好,無,住宿地理位置好,
COMP_001,U006,雙人同行,台灣,1,經反應後願意換房處理,房型與訂單不符、房間太小、行李難放、窗外是牆、住宿體驗差,到飯店給的房跟訂單上的房不同 訂的是18m2 給的是14m2 房間超小、行李根本無法放、 窗戶外是牆壁！ 感覺被耍！ 經過反應才換房給我們 不推薦這飯店,
COMP_001,U007,雙人同行,台灣,4,房間乾淨,無,房間很乾淨,
COMP_001,U008,商務旅客,台灣,1,地點不錯、服務親切、房間整潔、採光好,無,地點很不錯，服務人員親切，房間整潔採光好,
COMP_001,U009,雙人同行,台灣,2,交通方便、乾淨、CP值高,無,交通方便，乾淨，cp值高,
COMP_001,U010,雙人同行,台灣,1,櫃台與餐廳人員親切、早餐豐盛、房間乾淨舒適、地點市中心方便,無,櫃檯接待及餐廳人員都非常親切，早餐豐盛，房間乾淨舒適，地點位在巿中心非常方便。,
COMP_001,U011,商務旅客,台灣,1,服務親切、整體乾淨,無,服務親切，整體乾淨,
COMP_001,U012,商務旅客,台灣,1,內裝不老舊、房間空間合適、床乾淨舒服、遮光窗簾、浴室佳、乾濕分離、早餐不錯,抽風聲較大,內裝不會太老舊 單人房空間合適 床很乾淨舒服 有遮光窗簾 浴室也很棒 有乾濕分離 開燈就有抽風 比較大聲一點 可以接受 附的早餐以商旅來說不錯 品項數量還可以 好吃,
COMP_001,U013,商務旅客,台灣,1,員工友善、鄰近美食,無,員工友善 鄰近美食,
COMP_001,U014,雙人同行,台灣,3,房間乾淨整潔,無,房間乾淨整潔,
COMP_001,U015,單人旅遊,台灣,1,位置好、乾淨,無,位置好，乾淨,
COMP_002,U016,團體旅遊,台灣,1,房間舒服、公共空間舒適、員工很好、協助搬行李、事後有補償早餐,熱水器故障、只能洗溫水澡,房間很舒服 公共空間也很舒適！ 員工人超好！還幫忙搬超重的行李上樓！ 可惜一點的是入住當天晚上有出現一點事故導致熱水器出問題，只能洗溫水澡，但員工隔天有買早餐作為補償,
COMP_002,U017,雙人同行,台灣,2,住宿環境乾淨、舒適、設施完善,無,這裡的住宿環境非常乾淨，讓人感到舒適，設施也很完善，無論是休息還是娛樂都能滿足需求。,
COMP_002,U018,雙人同行,台灣,1,乾淨、安靜、離市區不遠、服務態度好,無,乾淨 安靜 離市區不遠 服務態度好,
COMP_002,U019,團體旅遊,台灣,1,乾淨、安靜、服務態度好,無,乾淨 安靜 服務態度好,
COMP_002,U020,團體旅遊,台灣,7,整體很好,無,非常好,
COMP_002,U021,雙人同行,台灣,2,客房寬敞舒適、衛浴不錯、熱水穩定、水壓好、公用環境乾淨舒適,無,客房寬敞舒適，衛浴設備也不錯，熱水穩定水壓也不錯，公用環境也很乾淨舒適，很推薦，下次還有機會去金門玩還會想著住,
COMP_002,U022,雙人同行,台灣,3,環境清潔乾淨,無,環境清潔很乾淨,
COMP_002,U023,團體旅遊,台灣,1,房間與公共區域乾淨、提供咖啡機與零食、水壓強、住宿舒服,無,很棒的住宿體驗，房間跟公共區域都很乾淨，還提供咖啡機跟零食，房間內的水柱很強很舒服，值得推薦,
COMP_002,U024,團體旅遊,台灣,2,反應後員工立即處理、水壓足夠,設備壞掉、沒有熱水、冬天洗冷水澡,住宿期間洗澡剛好遇到設備壞掉，沒有熱水，適逢1月較冷，只能用冷水澡洗。反應員工立即馬上處理，不然水壓是非常足夠的。,
COMP_002,U025,家庭,台灣,2,老闆很nice、遺落玩偶幫忙清潔保留、貼心,無,老闆人很NICE，小孩玩偶不小心落下，店家還很貼心的清潔跟保留，真的很貼心推推,
COMP_002,U026,雙人同行,台灣,2,房間舒適、主人和藹親切,無,房間舒適，民宿主人和藹親切,
COMP_002,U027,雙人同行,台灣,2,地理位置好、整潔、乾淨舒適,無,地理位置非常好，整潔乾淨舒適,
COMP_002,U028,雙人同行,台灣,1,房間乾淨舒適、電子鎖方便、Line客服回應快,無,短住一天，房間乾淨舒適。進出電子鎖方便，有問題line客服聯繫快速。,
COMP_002,U029,雙人同行,台灣,2,交通方便、近機場與金城、大廳溫馨可愛、提供咖啡機與免費點心,無,交通方便：距離機場騎機車8分鐘，離金城最熱鬧的地方一樣也只需8分鐘。 住宿環境：1樓大廳擺設溫馨可愛，還有咖啡機、小點心可以免費使用,
COMP_002,U030,雙人同行,台灣,1,整體舒適、環境乾淨,無,整體舒適環境乾淨 會大力推薦給朋友的那種,
COMP_002,U031,團體旅遊,中國,1,環境比照片更好、乾淨整潔、溫馨舒適、公共區零食茶水可自由使用、裝飾用心、近中心與7-11,無,很不錯，民宿環境和照片中一樣，甚至比照片更好看；乾淨整潔溫馨舒適；公共區咖啡茶水零食可以隨便吃；每個裝飾都能看出老闆的用心；距離中心很近，走路5分鐘就到7-11。非常滿意，下次還會來。,
COMP_003,U032,雙人同行,台灣,2,環境比照片更好、乾淨整潔、溫馨舒適、公共區零食茶水可自由使用、裝飾用心、近中心與7-11,空間規劃好、安靜、近景點、整體乾淨、願意再入住,房間跟民宿整個空間規劃就是棒！ 不怕吵到他人也很安靜 走出去一下就到附近的景點 真的是早起的好選擇 唯一不足就是廁所浴室濕氣好重，洗完澡，水從上方滴下，地板一直不會乾 房間看得到的地方都還算乾淨，但彎腰到沙發下看，真的需要清潔 下次來墨客會想再入住！,
COMP_003,U033,雙人同行,台灣,2,浴室濕氣重、洗後地板不乾、沙發下清潔不足,一層一戶隱私好、房間寬敞明亮、整體乾淨舒適、提供早餐、浴缸與陽台、近景點、交通方便、熱水穩定、水量足、可自取瓶裝水、小冰箱實用,這間民宿是透天式設計，一層就是一戶，隱私性很好。房間非常寬敞明亮，整體環境乾淨舒適。民宿有提供早餐，還有浴缸和陽台，可以放鬆休息。位置離主要景點很近，交通方便。蓮蓬頭水量充足，熱水也很穩定，洗澡很舒服。瓶裝水若不夠，還能在一樓自取十分貼心；房內小冰箱甚至有冷凍庫，非常實用。唯一的小缺點是沒有電梯，搬行李會稍微不便，不過影響不大，下次再來金門還是會選擇墨客,
COMP_003,U034,家庭,台灣,1,地理位置好、近老街市場餐廳、附近可停車、房間乾淨舒適、有小佈置、公共空間零食茶包可用、附早餐、可提供寶寶浴盆,無,地理位置很好，離金城老街、市場、幾間有名的餐廳都很近！ 租車附近有停車場 房間乾淨舒適，還有小佈置 公共空間有很多零食跟茶包可以使用 早上還有附早餐，都是金門特色早餐可以選擇 帶寶寶還提供浴盆！ 非常推薦住宿~~,
COMP_003,U035,團體旅遊,台灣,2,位置超棒、近老街租車燒餅與停車場、大廳茶包咖啡貢糖免費、房間寬敞明亮、有陽台、附早餐可選、節省排隊時間、一層一戶不干擾、有電梯,無,距離老街只有300公尺，距離冠城租車只有200公尺，距離金一燒餅只有20公尺，馬路對面就有大型停車場，位置超棒 大廳有各種茶包、咖啡包還有貢糖都是免費供應 房間寬敞明亮，有小桌子跟兩張椅子可以吃東西。還有陽台，一樣備有桌子椅子 供應早餐，可選廣東粥、蚵仔麵線、燒餅等等，替我們省下外出排隊的時間，吃飽再出門 一層一戶不會有干擾，還有電梯，方便帶大行李箱的住客 這次算是探路，下次來還要住這裡，而且要多邀一些親友同住同遊,
COMP_003,U036,雙人同行,台灣,2,位置超棒、近老街租車燒餅與停車場、大廳茶包咖啡貢糖免費、房間寬敞明亮、有陽台、附早餐可選、節省排隊時間、一層一戶不干擾、有電梯,浴缸水較小、汽車停車較不方便,民宿內裝潢新穎，風格非常棒！ 浴室內部有浴缸，但水比較小一點，可能要等比較久一點。 房內非常乾淨，老闆也很親切！早餐選擇多樣，每個都很好吃 附近可能沒那麼好停汽車，但機車可以直接放在門口！ 民宿內部有很多小零食可以吃，也有一些文創產品可以購買～ 本次入住整體感覺不錯，雖然冷氣有點結霜，但老闆很迅速處理,
COMP_003,U037,雙人同行,台灣,2,裝潢新穎風格棒、房內乾淨、老闆親切、早餐多樣好吃、有零食與文創商品、冷氣問題處理迅速,洗澡冷熱水不易調整,地點位在金城市區，非常方便，附近也有租車的點。 房間非常有設計感，整體乾淨舒適，床很好睡，惟洗澡冷熱水調整適中不易。 早餐好吃，有menu可以選，都是具有金門特色餐點。 小幫手貼心，遇到下大雨貼心的幫我們把安全帽收進來。,
COMP_003,U038,雙人同行,台灣,4,地點市區方便、附近可租車、房間有設計感、乾淨舒適、床好睡、早餐好吃且具特色、小幫手貼心,無,從訂房開始老闆就主動聯繫(LINE)，並提供清楚的入住資訊，可以安排接送機，民宿在金城熱鬧區域周圍，環境安靜，但出去覓食又很方便(一些熱門小吃步行10分鐘以內都可以到)，雙人床很大，兩大一小一起睡非常舒適，每天早餐都是老闆親自去採買的在地小吃(有菜單可選)，有賓至如歸之感~ 非常推薦！,
COMP_003,U039,家庭,台灣,1,訂房聯繫清楚、可安排接送機、地點熱鬧但環境安靜、外出覓食方便、雙人床大且舒適、早餐為在地小吃、有賓至如歸感,無,有電梯適合有行李箱的旅行者 老闆對親子友善 幫忙協助處理臨時需要清潔的衣物 非常感謝 準備的早餐是當地有名的美食 還能依照行程的時間安排 讓旅客選擇適合的時間 可以吃到熱騰騰的早餐很舒服 環境舒適乾淨 地理位置也很棒 停車方便 下次會想再訪,
COMP_003,U040,商務旅客,台灣,2,有電梯、適合親子、協助處理衣物、早餐是當地美食且可安排時間、環境舒適乾淨、地理位置好、停車方便,人手不足、櫃檯常沒人需自理,這次為配合金門大學授課選擇鄰近民宿，房間乾淨，有露台，智慧電視，一樓也提供免費咖啡茶水（咖啡豆用的不錯） 這附近走路就有莒光塔、湖和不錯的美味餐廳可以體驗。 店家是個設計師，設計很多周邊小物，適合喜歡文創商品的人。但因人手不足，所以櫃檯常沒人，需自理。,
COMP_003,U041,雙人同行,台灣,2,房間乾淨、有露台、智慧電視、一樓免費咖啡茶水、附近有景點與餐廳、適合喜歡文創商品的人,無,很新的住宿環境 尤其又有大方正浴池 晚上走累了 可以泡腳 淋浴也不會噴濕周遭環境 ㄧ樓ㄧ間房 安靜舒適 床非常大 可以ㄧ直翻身 也有陽台 很棒 地點位於金城 走路即可覓食購物 逛老街 非常方便 這次住宿兩個晚上 是價日 價錢很合理,
COMP_003,U042,雙人同行,台灣,3,住宿環境新、有大浴池、淋浴不噴濕周遭、一樓一房安靜舒適、床大、陽台、地點方便、價格合理,無,無可挑剔 其中最讓我加分的選項是房間內有香氛，每一次開門都覺得很愉快～～～ 另外，在網頁上並無看到浴缸，我們到現場才知道有浴缸，真的又驚又喜！ 還有，早餐選擇多樣，非常好吃,
COMP_003,U043,雙人同行,台灣,2,無可挑剔、房內香氛加分、有浴缸驚喜、早餐選擇多樣好吃,無,新蓋好的民宿，價格很實惠，有電梯、房間又大、 還有陽台、重點是有下沉式浴缸，不論想坐著洗澡或是泡湯的可以～ 老闆娘很親切，另外還有提供機場接送服務及早餐，如果有行程及租車需求老闆娘也能協助 下次如果還有來金門一定是首選,
COMP_003,U044,家庭,台灣,1,新蓋民宿、價格實惠、有電梯、房間大、有陽台、下沉式浴缸、老闆娘親切、提供接送機與早餐、可協助租車,人手不足、櫃檯常沒人需自理,車子停民宿外面 出民宿走左邊 離金城老街很近 走路就可以到 出民宿走右邊 穿過對面停車場走過去 有很大的公園 公園裡什麼都有 很適合小孩 只是廁所的大理石很滑 走路一定要小心 要握好把手,
COMP_003,U045,家庭,台灣,2,近金城老街、附近有大公園適合小孩,無,住宿地點鄰近市區，近老街、近便利商店、晚餐也可至附近解決。 2）民宿老闆娘親切，早餐可以幫買金門當地的餐點。 3）有免費的瓶裝水和金門當地糕餅，可供住宿人員免費取用。 總評：下次至金門旅遊，仍會以墨客好宿為第一選擇。,
COMP_003,U046,家庭,台灣,3,鄰近市區老街便利商店、晚餐方便、老闆娘親切、可幫買在地早餐、免費瓶裝水與糕餅、願意再住,無,老闆娘人很客氣，入住當天會打電話詢問check in 時間。早餐有菜單可點選，是老闆娘去附近有名的店家購買當地特色的早餐。房間整潔乾淨、1樓有放置小點心及瓶裝水免費取用，需要叫車可以跟老闆娘說，會幫你預約。老闆娘對小孩很友善，小孩很喜歡，還可以寄未來明信片。,
COMP_003,U047,雙人同行,台灣,1,老闆娘客氣、會確認入住時間、早餐可選且為在地特色、房間整潔乾淨、免費小點心與瓶裝水、可協助叫車,無,墨客的每一個細節都是超乎預期的好；抵達後的第一個好就是地點好，接著入住手續時的接待好，進了房間後的設施好，連住三天的我們覺得這間民宿滿足了我們對住宿的一切需求。 總之，就是好 他們只有3間房，我可是提前2個月訂的哦。下次去金門我還會再訂他們家滴。,
COMP_004,U048,商務旅客,台灣,1,細節超乎預期、地點好、接待好、設施好、整體滿足住宿需求,無,這次入住體驗非常滿意，從櫃檯接待到客房服務都親切專業，讓人感到賓至如歸。房間整潔舒適，床鋪柔軟好睡，隔音效果佳，一夜好眠。早餐豐富多樣，食材新鮮美味。地點便利，交通方便，下次一定會再訪，也會推薦給朋友。,
COMP_004,U049,團體旅遊,台灣,4,接待與客房服務親切專業、房間整潔舒適、床好睡、隔音佳、早餐豐富、地點便利、交通方便,建築老舊、隔音很差、有煙味與蟑螂蚊子、冷氣疑似異常、下雨漏水,金門的住宿偏少 這次因為交通的關係必須選擇金城鎮的住宿 建築偏老舊 裝潢是新式的 可想而知隔音非常差 每天晚上都可以聽得到隔壁打呼的聲音（雖然店家有付耳塞） 甚至有煙味和蟑螂蚊子 冷氣可能是接軟管 下雨時房間有點漏水 不過考慮到cp值和地理位置、裝潢風格（插座很多） 還有房間內五十寸大電視內建YouTube 這間是不錯的選擇,
COMP_004,U050,家庭,台灣,1,CP值不錯、地理位置佳、裝潢新式、插座多、房內大電視有YouTube,木板隔間、隔音差、容易被聊天與電視聲干擾、浴室氣味不好聞,房間在三樓302，窗戶外美景是總督府屋頂及一顆大大的木棉樹。我想301號房的景觀應該也一樣好。但是兩個房間只是木板隔間，如果像我們這次遇上很晚睡又聊天很大聲、電視聲音一直撥放的客人很慘。還有，浴室內的味道也不太好聞，應該是沒有對外窗的關係。,
COMP_004,U051,雙人同行,台灣,2,景觀好,隔音不好、木板隔間、隔壁說話聽得很清楚,地理位置很優 位於總兵署正後方 逛老街，吃金城美食很方便 缺點就是...隔音不好，入住前櫃檯會先行告知，還會給一組耳塞，以防睡覺時被吵到睡不著。 房間的隔間好像是木板隔間，所以在房內隔壁房內說話太大聲，在房間裡都會聽得一清二楚，這是唯一的缺點。 不過整體大致上還不錯，環境房間還算舒適，價格也很便宜，算是我目前來到金門住過最便宜的民宿，喜歡臨近鬧區方便的旅客可以選擇。,
COMP_004,U052,雙人同行,台灣,2,地理位置優、逛老街與美食方便、價格便宜、整體尚可,隔音不好、木板隔間、隔壁說話聽得很清楚,飯店不錯，也很乾淨。而且它就在鎮上最繁華的街道附近。我們很幸運地訂到了一間可以欣賞清金門鎮總兵署美景的房間。飯店設施也很好，只是裡面沒有電梯，所以最好不要帶太重的行李。除了第一天，我們之後就沒見過前台……前台讓我們添加Line帳號，並發送了酒店規則。客人退房時只需在前台歸還房卡，拍照並添加Line帳號即可。這對我們來說很方便，但是直到我們退房，Line在我們入住期間都沒有回覆任何訊息。,
COMP_004,U053,單人旅遊,台灣,1,飯店乾淨、位置在繁華街道附近、景觀房佳、設施不錯、退房流程方便,無,交通方便,
COMP_004,U054,單人旅遊,台灣,1,位置好、便宜,木板隔間、隔音差、容易被聊天與電視聲干擾、浴室氣味不好聞,位置很好，便宜，設施舊。一層4間，我住前面的房間，與隔壁隔間是木板，隔壁講話都聽得一清二楚，實在不能接受。,
COMP_004,U055,單人旅遊,台灣,1,無, 地板不夠乾淨、鐵皮風聲大影響睡眠、隔音差、不推薦,地板上不是太清潔 會不大敢赤腳踩在上面 最主要是建築物上面有搭建鐵皮 晚上整晚睡覺 因為風很大 一直吹著鐵皮 無法入睡 聲音蠻大的 另外房間隔音也不是太好 不推薦,
COMP_004,U056,家庭,台灣,1,適合年輕旅客, 地板不夠乾淨、鐵皮風聲大影響睡眠、隔音差、不推薦,很適合年輕旅客,
COMP_004,U057,雙人同行,台灣,1,性價比高、地點好、服務好,無,性價比、地點、服務、真的沒話說 唯一缺點五樓房間但沒有電梯，行李慢慢搬,
COMP_004,U058,單人旅遊,台灣,1,無,管線異味、續住不補衛生紙、房務太晚整理,3樓似乎管線有問題，一上樓就一股噁心的味道 續住也不補衛生紙，還拖到晚上6:30才整理房間,
COMP_005,U059,雙人同行,美國,3,價格與環境相符、床稍硬但可接受、浴室半乾濕分離、房內有冷氣和電扇、電視可連Netflix,無,地點適中,
COMP_005,U060,商務旅客,台灣,1,近牌坊、近金城車站、附近好吃店家多,無,價格與環境對得起，床的硬度稍硬但是睡起來不會不舒服，浴室有拉簾算半乾濕分離，房間除了冷氣還有電扇可以使用，電視可以連接自己的Netflix,
COMP_005,U061,商務旅客,台灣,1,地點好、環境好、老闆人好、住起來舒服,無,近貞節牌坊很近與金城車站，附近許多好吃店家,
COMP_005,U062,團體旅遊,台灣,3,房間乾淨、環境清幽、位置方便,需走樓梯,住宿地點、環境、老闆人都很好！ 很舒服、會再來的,
COMP_005,U063,團體旅遊,台灣,1,環境乾淨舒服、地理位置佳、近車站與總兵署、提早到可休息、老闆推薦食肆、交通方便,無,房間乾淨,
COMP_005,U064,團體旅遊,香港,2,位置方便、近老街與車站、近碼頭、房大整齊乾淨、隔音好、老闆夫妻熱情貼心、會分享吃玩資訊、物超所值,無,民宿環境乾淨，舒服，地理i位置很好，去金城車站走路约五分鐘，步行到總兵署亦是幾分鐘路程。我們早上11時到達，民宿主人已經有房間给我們休息，並推薦附近的食肆。對於自由行的旅客來說，交通方便尤其重要，值得推薦给各位旅客。,
COMP_005,U065,單人旅遊,香港,3,老闆老闆娘很好、提供附近資訊、地點很好但住宿環境安靜、房間乾淨、床舒適、冰箱有冰開水,續住不清垃圾、只給兩件浴巾、備品不足、不會再選擇,評鑑內容:一個字：“掂”，加多兩隻字：“無得彈” 1.民宿位置 方便，喺正金城老街入面，搵食話咁易。夜晚又可以 行幾分鐘路 到 “金門鎮總兵署” 免費參加導賞遊 夜遊老街。 另外 行去 “金城車站”好近，呢個“金城車站” 係 唔包車/揸車 嚟金門玩嘅 行程要點：近水頭碼頭 ，方便出入境&搭/轉車搭“台灣好行”觀光車 上車點。 2.間屋真心靚，房大企理又乾淨，隔音都好。唯一要留意嘅 就喺 入住 到 1-2/F，係要行樓梯 ，不過其實問題唔大嘅。 3.老闆老闆娘 熱情好客同貼心，會主動分享邊度好食 邊度好玩 邊度點去..... 另外借此喺度真喺要 特別多謝老闆一聲，多謝老闆對小妹（外觀 似矮冬瓜）信任 借出自己嘅單車 。（最後 人車當然平安，所以你至睇到小妹嘅拙文）所以綜合以上 要素，物超所值啦！,
COMP_005,U066,雙人同行,香港,3,房間大且整齊、隔音好、房東友善、很會推薦餐廳景點,無,老闆老闆娘人好好的，為我們提供了很多附近的資訊。另外，地點應該是全金門民宿最好的，走出一條街就很熱鬧，但住宿又很安靜清幽的。最重要的是房間很乾淨，床鋪十分舒適，冰箱都有冰開水，在炎熱的天氣下十分舒爽。,
COMP_005,U067,單人旅遊,香港,1,無,隔音差、半夜洗澡水聲吵、聞得到泡麵味,房間很大很整齊，隔音也很好，房東超級友善，很會推薦餐廳跟景點，有機會一定再選這家民宿！,
COMP_005,U068,雙人同行,香港,2,房間整潔、隔音不錯、房間乾淨溫馨、床舒服,無,可能不習慣住民宿，住兩日房間垃圾完全沒有清理，兩日住宿只派兩件浴巾，其他欠奉，下次去金門，不會再選擇這間。,
COMP_005,U069,雙人同行,香港,1,房間大、地點好,床品差、住客吵鬧影響休息、管理不足,房間整潔，隔音也不錯，房間乾淨溫馨，床鋪睡起來很舒服，晚上睡得很好。 期待下次有機會再來住。,
COMP_006,U070,家庭,台灣,2,勉強可接受,熱水不足,房間很大，地點很好可惜隔音很差，隔壁半夜洗澡水聲很吵，泡麵都能聞到味道,
COMP_006,U071,團體旅遊,台灣,1,地點佳、附近商家藥局多、方便、管家回覆即時,無,勉強可接受,
COMP_006,U072,團體旅遊,台灣,1, 離馬頭近,員工一直推銷廈門行程,地點佳,
COMP_006,U073,團體旅遊,台灣,2,老闆說明仔細、早餐好吃,沒電梯、冬天棉被太薄,房間寬敞，與網站相片相符。電熱水器供應熱水不足,
COMP_006,U074,家庭,台灣,3,價格優惠、附早餐,無,老闆說很仔細，早餐很好吃，讚！,
COMP_006,U075,家庭,台灣,1,價格優惠、附早餐,隔音不好、熱水水量不夠,優惠的價格還附早餐！員工在我們吃早餐的時候，一直狂推銷他們的廈門一條龍行程⋯,
COMP_006,U076,家庭,台灣,1,老闆熱情、房間乾淨、價格公道、附早餐、CP值高,無,老闆熱情，房間乾淨，價格超公道，附早餐，CP值爆表唯一不足就是沒電梯，冬天棉被太薄了些,
COMP_006,U077,家庭,台灣,2,CP值高、乾淨整潔,缺少衣物掛勾、缺少行李放置架,CP值很高，乾淨整潔,
COMP_006,U078,團體旅遊,台灣,3,老闆非常熱情、早餐是金門傳統早餐很方便,無,老闆非常非常熱情。早餐也都是金門傳統早餐，不用自己排隊購買真的很方便。隔音有點不好。熱水水量不夠，要洗很快。之間還要間隔10分鐘。,
COMP_006,U079,雙人同行,台灣,1,整體很棒,沒電梯、搬行李累、電視訊號有問題、床墊塌陷、睡不好、不推薦,超棒,
COMP_006,U080,雙人同行,台灣,1,整潔寬敞,無,整潔寬敞衣物掛勾及行李放置架，如有增設會更佳。,
COMP_007,U081,單人旅遊,台灣,1,交通方便、房間舒適、有沙發與大床、簡約漂亮溫馨、廁所乾濕分離、老闆娘熱情、協助辦住宿證明,設施簡單、浴室僅能沖澡、無免治馬桶,臨時找到的住宿，沒想到交通很方便！房間也很舒適還有沙發跟大床，房間簡約但是漂亮很溫馨，廁所也是乾濕分離的 老闆娘還很熱情的招待跟主動協助辦理住宿證明下次有來金門一定再來！,
COMP_007,U082,雙人同行,台灣,2,位置很好、房間漂亮且大、服務人員認真處理問題,無,金廈之旅，因為要搭程台灣好行而選擇，位置真的很好就在對面，但是沒有電梯，扛著行李上三樓蠻累的，房間的佈置很漂亮也很大，電視訊號有問題弄了很久才可以看，服務人員也很認真解決問題，床墊塌陷，兩晚都沒有睡好非常不推薦,
COMP_007,U083,家庭,台灣,1,願意協助續住、主動通知船班狀態、協助搶船票、住宿體驗好、交通便利,無,感謝闆娘多讓因為船班沒有開的我們，可以再續住一天，也謝謝闆娘第一時間就通知我們最新的船班狀態，還有協助我們搶到可以前往廈門五通來回的隔日船班，是很好的住宿體驗，交通位置也非常便利，下次再遊金門一定會再去拜訪的,
COMP_007,U084,雙人同行,台灣,3,住宿地點方便、房間清潔,無,方便的住宿地點，房間清潔，設施簡單，浴室沖澡，無免治馬桶,
COMP_007,U085,雙人同行,台灣,2,讓人放心且好眠,設施較老舊,作為短暫之住宿地點，這裡真的很令人放心且好眠,
COMP_007,U086,雙人同行,台灣,1,整體很棒,沒有升降機、搬行李不便,超棒,
COMP_007,U087,商務旅客,台灣,2,交通方便、金城車站就在對面、往碼頭機場有公車,無,交通方便金城車站就在對面，離碼頭機場都有公車可坐,
COMP_007,U088,雙人同行,台灣,1,位置近中心城區、過馬路有711、整體還算乾淨、公共區有熱開水、老闆熱情,無,位置近中心城區，過馬路就是711，方便。設施較老舊，整體還算乾淨，公共區有熱開水，老闆態度熱情。,
COMP_007,U089,雙人同行,中國,1,地點方便、對面就是公車站、員工會幫忙搬行李、整體尚可,無,大致上房間可以，最大考慮是沒有升降機，行李要自己搬上樓，酒店員工都會幫忙，地點方便對面便是公車站，整體不過不失,
COMP_007,U090,單人旅遊,香港,1,地點佳、交通方便、環境整潔、早餐豐富、工作人員親切有禮,無,地點佳，交通方便，環境整潔，早餐豐富，工作人員親切有禮。,
COMP_007,U091,團體旅遊,台灣,2,住宿位置方便、Wi-Fi穩定、員工服務親切熱心、性價比高,去其他景點需租車,住宿位置方便，Wi-Fi連線穩定，員工服務親切熱心，整體而言性價比高,
COMP_008,U092,商務旅客,台灣,1,房間非常乾淨、床舒服、老闆熱情友善、提供旅遊建議、像回家一樣自在,無,這次的住宿體驗真的太棒了！房間打掃得非常乾淨，床鋪軟硬適中，睡起來非常舒服，完全放鬆了身心。最讓人印象深刻的是老闆非常熱情友善，不僅主動提供旅遊建議，還讓人感受到滿滿的待客誠意。住在這裡就像回到家一樣自在，下次來一定會再回訪！,
COMP_008,U093,團體旅遊,台灣,1,可預約接機與送碼頭、價格實惠、離碼頭近、四人房大且舒適、提供早餐、老闆親力親為健談、近得月樓,無,晚上的飛機抵達金門，隔天要坐小三通的船到廈門，訂完民宿，可與老闆預約機場接機+送至水頭碼頭，價格非常實惠，民宿離碼頭開車三分鐘左右非常近，四人房很大且舒適，隔天還有提供麵線、油條、豆漿當早餐，老闆都親力親為，也很健談。走路三分鐘到得月樓，晚上打燈很有氛圍感。當天下雨有青蛙自然的交響樂，本身很好入睡，不影響睡眠。優質民宿推薦給大家～,
COMP_008,U094,雙人同行,台灣,2,老闆友善健談、芋頭粥和豆漿好吃、房間簡潔乾淨、位置在水頭聚落近景點、可介紹租車,早餐失望、覺得不便宜,老闆友善健談，做的芋頭粥好吃，買的豆漿很正又不會太甜。 房間佈置裝潢簡潔但乾淨。 民宿位置在水頭聚落，離得月樓步行幾分鐘就可到達。但去其他景點必須租車，機車汽車都可，老闆有配合的租車行介紹。,
COMP_008,U095,團體旅遊,台灣,2,環境優美寧靜、可聽蟲鳴鳥叫、近水頭碼頭、早餐道地好吃、可安排租機車與交通、適合自由行家族旅遊,無,遠離都市叢林的喧囂。水頭聚落環境優美寧靜，可以聽見蟲鳴鳥叫聲,
COMP_008,U096,家庭,台灣,1,老闆非常熱情、建議入住前先聯絡、可提供接送服務,無,老闆非常熱情，建議入住前先和老闆聯絡，會有接送服務。,
COMP_008,U097,團體旅遊,台灣,1,房子整潔舒服,無,早餐有些失望，房子整潔舒服，但也不便宜,
COMP_008,U098,家庭,台灣,1,老闆人很好、附早餐、距離碼頭近,無,老闆人很好，附送早餐，很佛心，距離碼頭很近,
COMP_008,U099,單人旅遊,台灣,1,老闆真性情、會接送、還準備早餐,無,老闆很真性情 會接送還準備早餐 可愛的老闆～,
COMP_008,U100,單人旅遊,台灣,1,沒有奇怪味道、房間普通可住、老闆客氣友善,無,沒有什麼奇怪的味道，去的時候，就是很普通的住宿房間，老闆也很客氣，友善，然後只是機場比較遠而已,
COMP_008,U101,家庭,台灣,1,老闆不錯、有準備早餐、早餐好吃、可協助接送且比打車便宜、整體滿意,無,過度一下為了搭船，感覺還行，老闆不錯，還有準備早餐，早餐好吃，會幫忙接送但是要付點油錢（比自己打車便宜），整體滿意,
COMP_008,U102,雙人同行,香港,1,無,窗簾破、風大時整晚有風聲、房門受氣流撞擊發出聲音、房門隔音差、走廊說話很清楚,房內的窗簾是破的。 外面大風時，房內是整晚不斷聽到風聲，房門又會被氣流吹動與門框碰撞發出卡卡聲。 房門本身又不隔音，其他住客在走廊說話是，就像打開了門口跟你在說話一樣的清晰。,
COMP_008,U103,單人旅遊,台灣,1,古厝文化氛圍佳、設備現代齊全、房間舒適乾淨、公共空間完善、可體驗旗袍漢服,地點較偏僻、生活機能較差,這次入住「珠山閒庭」，深刻感受到閩南古厝的文化韻味與現代便利的完美結合，特別適合愛慢遊、重視旅宿質感的人 所有房型皆配乾濕分離衛浴、Dyson吹風機、冷暖空調與茶/咖啡沖泡設備，品質與舒適度都維持高水準 房間風格保持古厝原始味道，搭配現代家具與乾淨設計，床鋪柔軟，隔音與衛浴清潔度表現優秀 公共空間設有自助吧台（免費吐司、飲品供應）、露天廊道休憩區與庭院，適合放鬆、拍照、悠閒聊天 還有提供免費旗袍／漢服體驗，走進聚落換裝拍照超有feel；主人也會事先設定密碼鎖，管理安全方便 唯一的缺點是地點比較偏僻，附近的生活機能比較差，但如果晚上本來就不喜歡往外跑，影響性並不高,
COMP_009,U104,雙人同行,台灣,2,老闆娘親切、環境安靜、公共空間舒適、設備優良,隔音普通、地點較遠,推推👍🏽 🌟老闆娘親切、還可以代買早餐超讚 🌟住宿環境安靜、附近有其他民宿也有人住但還是很安靜。 但畢竟是古厝，有木門跟屋瓦，房間的隔音效果還好，看電視門外聽的到聲音，門有兩片，外門是電子鎖，別人關比較大力也聽得到。 🌟公共空間也很舒適，現代跟古厝結合，不會舊舊髒髒的可怕的感覺。比許多現代民宿舒適多了！ 🌟設備提供讚，有Dyson吹風機、上山採藥的洗沐用品👍🏽床軟又Q不會太軟 📌地點較遠，離金城市區大約騎車8分鐘，但近翟山坑道、歐厝沙灘,
COMP_009,U105,家庭,台灣,1,聚落體驗完整、房間舒適乾淨明亮、水壓強、老闆客氣,廁所較小、離市區較遠、周邊店家少,一個很完整的珠山聚落，周邊都可以體驗到村落樣貌，讓孩子知道以前的我們就是這樣生活的，房間舒適乾淨明亮，唯獨廁所小了一點但水壓很強很舒服😌老闆也很客氣，但離市區有點距離，周邊都沒什麼店家，要開車去市區吃飯。,
COMP_009,U106,雙人同行,台灣,2,整潔度高、床舒適、服務快速良好、吧台點心充足、性價比高,房內椅子不足、關門聲較大,整潔度高，床很舒服。人員服務快速良好、吧台有準備咖啡茶吐司小餅乾。來到金門必住的特色住宿。唯獨房內只有一個椅子，建議可以擺兩張以及一個小茶几。另外每個木門都是電子鎖，要關門的時候必須很大力，在吧台旁邊的房間聲音比較大。除此之外，性價比很高。,
COMP_009,U107,團體旅遊,台灣,2,路好找、停車方便、房間乾淨、設備佳、有自助吧與旗袍體驗、早餐好吃,無,算是住的很外圍，所以路很好找，停車方便，到市區10分鐘，入住當天提供房間密碼鎖，好操作，房間乾淨，很意外有Dyson ，上山採藥的洗沐浴好用，Netflix 可以看，外面自助吧檯供取用，公媽廳可以參觀和泡茶，旗袍可以試穿，晚上很涼，夜深人靜，謝謝老闆和老闆娘的早餐， 一早退房，好懷念，是金門入住首選。,
COMP_009,U108,團體旅遊,台灣,2,古厝氛圍佳、房間寬敞乾淨、家具與寢具質感好、自助吧與拍照道具完善、接待熱情,無,雖然是為了住古厝而訂這家民宿，但人情味和住宿體驗遠勝於當初期待！ 從進入聚落開始到進入房間都一直在驚嘆，彷彿穿越到另一個時代，房間寬敞、簡約、乾淨，家具質感、品牌兼具，寢具舒服，該有的衛浴用品都有，自助吧功能齊全，旗袍拍照道具質料也很好，最重要的是接待人員從出發前的溝通到當天接待都很熱情親切，完全符合「民宿」的定義！,
COMP_009,U109,家庭,台灣,1,古厝氛圍佳、房間寬敞乾淨、家具與寢具質感好、自助吧與拍照道具完善、接待熱情,無,雖然是為了住古厝而訂這家民宿，但人情味和住宿體驗遠勝於當初期待！ 從進入聚落開始到進入房間都一直在驚嘆，彷彿穿越到另一個時代，房間寬敞、簡約、乾淨，家具質感、品牌兼具，寢具舒服，該有的衛浴用品都有，自助吧功能齊全，旗袍拍照道具質料也很好，最重要的是接待人員從出發前的溝通到當天接待都很熱情親切，完全符合「民宿」的定義！,
COMP_009,U110,家庭,台灣,1,聚落景色佳、可借旗袍拍照、老闆協助租車、可看Netflix、整體印象很好,周圍無店家、距市區較遠,民宿位在珠山聚落，周圍沒有店家，建議吃飽再回到民宿。民宿周圍都是類似的建築，白天拍照很漂亮，民宿有提供旗袍古裝可以借來拍攝。我們有租機車需求，老闆還很好心幫我們介紹。從碼頭騎車過來民宿要8分鐘，從民宿再騎去老街要騎8分鐘，雖然不像住在市區那麼方便，但是家人對珠山閒庭印象很棒！房間內也有提供Netflix不必登錄自己的帳號就可以觀看！有機會會再選擇一次！,
COMP_009,U111,團體旅遊,台灣,1,闆娘體貼、小點與設備齊全、寢具質感佳、免費拍照道具、早餐貼心,無,第一次金門行帶孩子體驗閩式建築古厝，但因天氣因素取消航班，排除萬難終於在第二天成行，感謝闆娘體諒。 民宿吧台有提供的小點心、茶包、咖啡、吐司、餐具、微波爐、烤箱、飲水機應有盡有，麻雀雖小、五臟俱全，毛巾、浴巾、枕頭及被套都很有質感，且印有民宿的logo 很味道！ 大廳還有旗袍、長衫、帽子、扇子及紙傘等道具，免費提供客人cosplay拍照留念，增添住宿樂趣！ 住宿期間闆娘貼心幫忙準備金門著名永春廣東粥及油條、省去來回奔波及排隊時間，真的很感謝！ 這是一間值得推薦的優質民宿👍,
COMP_010,U112,團體旅遊,台灣,1,環境整潔舒適、周邊清幽、公共區舒適、有茶點麵包可取用,店家少需到街區用餐、四人房樓梯狹窄、一樓空間偏小,整體環境整潔舒適 周邊多為古厝聚落，靜謐清幽 店家不多，餐食需前往鄰近的金城街區 四人房型為閣樓格局，階梯侷促上樓會有點狹窄，一樓空間也偏小，四個行李箱同時展開會沒有空間走動，取出行李後須收起直立才有空間活動，但公共區域環境舒適，有咖啡茶點麵包的可自由取用，若入住四人房型，較適合行李簡約的住客。,
COMP_010,U113,家庭,台灣,1,員工服務親切、可協助換房,整潔差、打掃延誤、霉味重、灰塵多、浴室簡陋、疑似過敏風險,位置在鎮上算方便，但是整潔狀況真的是無法忍受…員工服務算親切。 入住時打掃時間拖延了快一小時，接近下午四點還沒好，寶寶們累得不行，經過多次反應後櫃檯幫我們安排其他房間。 親子房在巷子最裡面那棟，打開房間一股嚴重的霉味撲鼻而來，入住後發現到處是灰塵，為了寶寶們的安全，只好用濕紙巾再將整間房間擦拭，每張使用過的濕紙巾都非常骯髒。 浴室的乾濕分離也很陽春，寶寶們一開始都不敢進去。 當晚兩個寶寶的皮膚和臉上都出現各種紅腫過敏，應該是房間內的娃娃絨布椅太髒導致… Agoda平日訂購價格約2400元，清潔程度至少要用心一些，不然入住親子房的寶寶們真的很令人擔心。,
COMP_010,U114,單人旅遊,台灣,1,位於金城市中心、逛街方便、基本設備齊全,房間狹小老舊、無乾濕分離、地板破舊、廁所發霉,位於金城市中心的老牌商旅，逛金城是非常方便且可靠的！房間雖然小但也具有應有的設備。 但是房間狹小老舊且廁所無乾濕分離，地板上也有些破舊，且廁所邊緣發霉，若是有潔癖者不建議入住！,
COMP_010,U115,家庭,台灣,3,地點超好、可步行逛市區、交通方便、後方有免費停車,隔音差、晚上有蟑螂、住宿不在主棟,飯店住宿有兩棟，這次住的不是照片上外觀所看到的那一棟，登記入住後會帶你往後面走到住宿房間！！（一般大樓形式改成旅館的概念，一層樓兩間） 房間：簡單整潔，可以休息就好，隔音不是很好，晚上有看到蟑螂出沒。 地點：超級好，在金城市區，金門最熱鬧的地方，步行就可以逛逛金門的巷弄，不過一樣晚上十點過後，商家全部關閉，只剩24小時超商。 交通：離公車站走路十分鐘，開車也很方便，建議汽車一律停旅館後方的停車格，不會收費，除非不得已才停大馬路旁的停車格，會收費。,
COMP_010,U116,團體旅遊,台灣,2,離車站近,住宿在另一棟不便、安全措施不足、房門有縫隙、房內老舊髒亂、熱水不夠熱、無主動清掃、大廳管理差,"優點:住宿離車站近, 缺點:(1)住宿在另外一棟樓,要走路過去很不方便 (2)另一棟樓一樓有兩層大門與電梯內沒有任何門禁措施, 任何人都能自由進出,住宿安全堪慮(3)客房大門扣上後有縫隙,容易撞開很危險(4)房內壁紙凋落,有蜘蛛絲(5)桌椅設備老舊(6)廁所淋浴熱水不太熱,水會噴的整間都是(7)馬桶與淋浴緊臨很不方便(8)沒有提供每日清掃客房,要申請(9) check in大廳沙發區被陸客長時間占用躺著睡覺,旅館人員不會主動勸導",
COMP_010,U117,家庭,台灣,3,無,加被等待久、親子房推車不便、霉味重、抽屜發霉、廁所小又滑、熱水慢、乾濕分離差,一般入住有告知工作人員需要多一條被子，結果等很久都沒拿來。被安排到隔壁棟的親子房，沒有斜坡可以推推車，非常不方便。一進門就一個黴味，打開抽屜兩邊居然都是黴，但行李已開，小孩在吵也懶得搬。廁所空間超小，磁磚超滑，也沒有貼防滑條，小朋友洗澡有滑到幾次，還好有扶助。熱水等超級久，一度懷疑沒熱水，玻璃門也沒有阻擋作用，整個廁所都是濕的，更容易滑倒。,
COMP_010,U118,家庭,台灣,3,地點不錯,房間廁所馬桶味道很重,地點不錯，但是房間廁所馬桶味道很重,
COMP_010,U119,雙人同行,台灣,1,照片與實際相符、乾淨,無,照片與實際相符，很感淨,
COMP_010,U120,團體旅遊,台灣,3,家庭房空間大、家具適合聚會、價位超值,無,家庭房空間超大 給的家具也很適合朋友聚會相聚 這價位來說很超值,
COMP_010,U121,家庭,台灣,2,交通方便,房間霉味重、廁所牆壁發霉,位子算交通方便 但是房間霉味很重 廁所牆壁四處都是黴菌,
COMP_010,U122,雙人同行,台灣,1,整體表現佳,無,超棒,
COMP_011,U123,雙人同行,台灣,2,房東好客、服務親切,無,房東很好客~~人超好，下次再來也會選擇這間民宿,
COMP_011,U124,雙人同行,台灣,2,可加LINE獲得在地推薦、夜間導覽精彩、老闆熱情,無,可以加入老闆的LINE~他會熱情地的介紹你當地好吃好玩的~幸好老闆有介紹導覽的活動~讓我在金門的晚上有地方可消磨~老闆推薦的夜間導覽真的很棒~,
COMP_011,U125,單人旅遊,中國,1,老闆熱情、接送與旅遊協助完善、房間乾淨整潔、位置方便、夜晚安靜,無,老板人特别热情，不仅到码头接送我们，还给我们介绍金门的游玩攻略，送我们去租车行，全程都很省心，第二天还给我们带早餐TT，，民宿虽然靠近马路，但金门这边晚上休息得早，夜里非常安静，完全不影响睡眠，老板还细心准备了耳塞，细节超加分。位置也很方便，去金城吃喝、租车行都很近，附近有 711，还有营业到凌晨的宵夜小店。房间干净整洁，环境和设施都很不错，整体入住体验特别好，强烈推荐！,
COMP_011,U126,單人旅遊,中國,1,老闆人好、主動帶逛景點、介紹歷史、早餐好吃,無,老板人很好，知道我们没什么什么明确的安排，还特意开车带我们去逛，带我们去了解金门的历史。第二天还给我们准备早餐，很不错吃。,
COMP_011,U127,雙人同行,中國,1,位置方便、房間乾淨、隔音不錯、老闆有人情味、接送與旅遊照顧貼心,無,本身对民宿没有太高的期待，奈何来金门好像多数选择都是民宿。 位置 来参加2026金门马拉松，离起点不算太远，比赛日快走到起点差不多20分钟，刚好热身了。前后500米左右各有一家7-11和全家，随时补充很方便。因为不会骑电动车，出行全靠腿，金城镇主要吃饭的地方都差不多1公里多的距离，边走边逛很闲适。 房间 房间很干净，麻雀虽小五脏俱全。刷新对民宿的印象。隔音效果也很不错，完全听不到隔壁的动静。 老板 很有人情味的老板是此次金门行的一大加分项。因为遇上马拉松，老板刚开始说可能比较忙没办法来码头接，但是我们到的当天老板还是抽空来接我们，还带我们附近逛了一圈，介绍了一下吃饭和逛的地方。 某天早上还准备了京采的黑珍珠馒头在我们门上，很温暖的小惊喜！ 离开当天也是，载我们把附近主要的点都走了一遍，还带介绍，最后送我们到码头。很温暖的体验。加分加分！ 三坵民宿，推荐！！！,
COMP_011,U128,雙人同行,中國,1,老闆很nice、接送與介紹詳細、民宿乾淨、空間夠大、有暖氣,隔音稍差,老板人真的很nice，有空还来码头接了我们，帮我们找打车的司机，还很详细的介绍了周围环境和旅馆的设施。 民宿非常干净，空间也足够大了，还有暖气片，非常贴心❤️ 隔音可能稍微差点，但民宿附近比较安静，就也没什么大问题。整体还是非常推荐的～,
COMP_011,U129,團體旅遊,中國,2,老闆貼心提醒與推薦、早餐暖心、地理位置方便、環境乾淨維護好,住宿環境較舊,从出行前一天开始，民宿老板就开启天气和各项提醒，入住期间每天给发送金门活动安排，各种景点和路线推荐。两天早上醒来，分别吃到了老板买来送住客，需要大排长队的黑珍珠馒头和烧饼。很美味也很暖心。住宿环境不新，像我老家的自建房那种。但收拾得很干净，维护得很好。最值得一提的是地理位置，真的很方便满意。推荐！还会再去入住这家民宿。,
COMP_011,U130,單人旅遊,台灣,2,老闆熱情、提供旅遊建議與早餐、離市區與景點近、價格實惠,環境較像學生套房改建,民宿老闆非常熱情，會提供很多好吃好玩的地方給我們參考，另外也有提議帶我們去找孔雀，可惜我們已經有排好的行程。還買早餐給我們吃。離金城市區很近，要到金門東半邊的景點跟小金門都很近。環境上比較像是學生套房改民宿，價格實惠。,
COMP_011,U131,家庭,台灣,1,價格不高、地點不遠、其餘整體表現好,靠大馬路太吵、影響睡眠,價格不高，地點不遠，其餘都很好。民宿在大馬路邊，窗戶是一般的鋁門窗，不是氣密窗，所以很吵，有車經過都很清楚聽到，影響睡眠。,
COMP_011,U132,雙人同行,台灣,1,老闆親切、有問題可協助、可提供美食建議,無,闆很有親切感！有什麼困難都可以找老闆不熟的不了解的想吃美食都可以找老闆,
COMP_012,U133,團體旅遊,台灣,1,自助入住方便、內部設施溫馨有特色,無,住宿方式自助式入住很方便，內部設施很溫馨，而且很特別 會想再來,
COMP_012,U134,團體旅遊,台灣,3,離市區近、地理位置棒、房間乾淨、願意通融改房型、服務好,無,離市區近 地理位置非常棒 房間很乾淨 臨時想更改房型 也願意通融 非常謝謝小姐的服務,
COMP_012,U135,單人旅遊,台灣,2,仿古閩南建築有特色、近金城車站與鬧區、逛街方便,無,仿古式閩南建築，旁邊金城車站、飲料店、金城鬧區逛街方便,
COMP_012,U136,團體旅遊,台灣,3,經營用心、地理位置好、乾淨整潔、有飲水機、可寄放行李、體驗佳,無,很用心經營，地理位置好、乾淨整潔、有飲水機，2人住宿包棟給我們，很自在，最後一天還可寄行李到離開，非常棒的體驗，會推薦給來金門的朋友！,
COMP_012,U137,團體旅遊,台灣,2,地點極佳、熱水強、可協助租車、適合包棟、有公用客廳與設備、備品充足,浴室沒有抽風機較悶,"優點: 1.地點就在市區正中央總兵署旁邊走路30秒到夜市.早市.吃的喝的應有盡有 2.門口旁就是土地公廟睡得很安心 3.熱水很強很舒服 4.可以幫忙租車一日400元很划算 5.若是一群朋友來可以包整區,還有公用客廳,有冰箱.茶具.飲水機 6.房間小而美.盥洗備品充足 缺點: 1.浴室沒有抽風機蠻悶的",
COMP_012,U138,雙人同行,台灣,3,位置非常優秀、鄰近多景點、閩式建築有特色,無,民宿位置非常優秀！ 就在總兵署正後方 徒步皆可到達總兵署、模範老街、貞節牌坊、浯江書院、後浦16、百年油條老店 民宿又是閩式建築很有特色！ 如有機會一定會再到訪的 超級推薦👍🏻,
COMP_012,U139,家庭,香港,3,老闆娘有求必應、包接送、協助租車、旅遊資訊豐富、地點有特色,無,漂亮的老闆娘有求必應！包接包送，又 協助租車…..旅遊資訊滿滿！ 在巿中心的古厝民宿，門口就係土地公，很有特色！ 下次再去金門會再入住,
COMP_012,U140,家庭,台灣,2,地點佳、服務到位、提供接機、值得推薦,無,地點佳，服務也很到位，機場接機到民宿，是值得推薦的古厝民宿,
COMP_012,U141,單人旅遊,新加坡,2,整體滿意,無,讚,
COMP_012,U142,家庭,馬來西亞,1,適合一家大小入住、有客廳與房間、不會吵到他人、位置方便、床大,無,一家大小一起入住整间民宿 有客厅有房间 不会吵到其他旅客. 就在街上 很方便. 床也很大. 一个人一个大床. 有机会还会入住.,
COMP_013,U143,雙人同行,台灣,1,床超好睡、貼心併床處理、隔音好、老闆夫妻親切,無,床超好睡，雖然是兩張單人床，但老闆貼心合併，中間還很細心的放了軟墊條，整個床比加大的床還大，舒適！隔音也很好！ 還有親切的老闆跟闆娘，真的待我們如家人 好感恩😇謝謝你們讓我沒有美好的金門記憶,
COMP_013,U144,團體旅遊,台灣,2,整體舒適、設備齊全、主人熱心、近老街與租車點方便、早餐吃得飽,無,整體住起來很舒適，設備齊全，民宿主人會很熱心幫忙，距離老街走路10幾分鐘，附近也有租車很方便，另外每天早餐吃很飽。, 希望有機會再回來住。
COMP_013,U145,雙人同行,台灣,2,早餐道地美味、可送機、房間乾淨、設備齊全、床好睡,無,每早都有美味的道地早餐 回程老闆也有載我們到機場 房間乾淨且該有的設備都有 床很好睡XD,
COMP_013,U146,團體旅遊,台灣,3,整體表現佳,無,就是讚！！！,
COMP_013,U147,團體旅遊,台灣,3,位置好、價錢便宜、早餐豐富、老闆親切,無,位置好、價錢便宜、早餐豐富、老闆很親切,
COMP_013,U148,團體旅遊,台灣,2,房間乾淨、在地特色早餐、接送貼心、基本用品齊全,房間空間偏小,老闆和老闆娘不僅為我們提供乾淨的房間，還給我們準備了很有本地特色的早餐和貼心的接送服務。房間整潔，房間空間偏小，但麻雀雖小 五臟俱全，房間具備基本的生活用品🙏。,
COMP_013,U149,團體旅遊,台灣,1,老闆熱情、有接送、房間很乾淨,無,老闆很熱情，還有接送 民宿房間真的很乾淨,
COMP_013,U150,商務旅客,台灣,2,房間整潔舒適、位置便利、早餐豐盛美味,無,房間整潔舒適，住宿位置算便利，早餐豐盛美味,
COMP_013,U151,雙人同行,台灣,2,老闆夫妻熱心、房間乾淨、早餐豐盛,無,感謝民宿老闆夫妻，熱心接待，房間乾淨，早餐豐盛，推薦這間5星民宿,
COMP_013,U152,團體旅遊,台灣,2,老闆熱情好客、早餐美味、房間乾淨安靜、有家的感覺,無,熱情好客的老闆~美味可口的早餐~乾淨安靜的房間~值得回訪的悠閒民宿~有家的感覺~非常推薦!,
COMP_014,U153,家庭,台灣,2,主人熱情、公共區便利、地理位置極佳、步行覓食購物方便、停車方便,無,好像回到老家一樣的住宿體驗，受到民宿主人溫暖熱情招待，還有公用區域方便三五好友交流美食情報，用心處處可見。民宿地理位置超好，位於金城最熱鬧的區域，步行參觀、覓食、購物皆超級方便，開車騎車門口空地可停車， 還有附近鎮公所後有許多停車格。行車經驗分享，開車於民宿前空地就要折返（商業發展協會兩旁單行道），不要相信導航繼續前進，前面就是熱鬧商店街會進退兩難。沒有租車走路5分鐘就是金城車站也方便喔！,
COMP_014,U154,單人旅遊,台灣,1,位於市中心、交通方便、樓下可買伴手禮,無,就在城市中心，去哪裡都方便，樓下還可以直接買伴手禮！,
COMP_014,U155,單人旅遊,台灣,1,位置好、近古蹟美食與車站、到機場方便、房間乾淨溫馨、老闆熱心,無,民宿位置好，附近許多歷史古蹟與在地美食，且鄰近金城車站，到機場方便；房間乾淨溫馨，老闆與老闆娘熱心給予出遊建議，非常有幫助。,
COMP_014,U156,單人旅遊,台灣,1,位置好、近古蹟美食與車站、到機場方便、房間乾淨溫馨、老闆熱心,無,民宿位置好，附近許多歷史古蹟與在地美食，且鄰近金城車站，到機場方便；房間乾淨溫馨，老闆與老闆娘熱心給予出遊建議，非常有幫助。,
COMP_014,U157,單人旅遊,台灣,1,位置佳、價錢合理,無,位置佳，價錢合理，下次來金門還是會住這間旅館,
COMP_014,U158,團體旅遊,台灣,3,房間乾淨舒適、附近熱鬧、吃東西方便,無,房間乾淨舒適！住宿地點附近熱鬧，買東西吃東西很方便！,
COMP_014,U159,家庭,台灣,3,房間乾淨舒適、住宿地點熱鬧、採買方便,無,房間乾淨舒適！住宿地點附近熱鬧！買東西吃東西很方便,
COMP_014,U160,雙人同行,台灣,2,老闆夫妻好客、提供實用資訊、近車站與老街、幫忙搬行李、房間舒適,沒有電梯,老闆夫妻很好客，提供許多好玩及好吃的資訊，很實用。 住宿離金城車站和老街很近，很方便。 旅宿沒有電梯，很感謝老闆夫妻熱心幫忙將行李送到房間。房間住起來舒適。,
COMP_014,U161,雙人同行,台灣,2,近金城車站與總兵署、房間有大露台、老闆好客、房間乾淨、還送小禮物,無,民宿左邊小路幾拾步程到金城車站，傍着總兵署。 房間有大露台，對着門口小廣場很開陽，老闆好客健談。房間很清潔干淨。 走的時候老板還送了小禮物-風師爺，感謝！ 非常推薦的民宿！！,
COMP_014,U162,單人旅遊,台灣,1,位置極近金城車站、環境乾淨,無,位置一分鐘走路就到金城車站超方便的，環境乾淨,
COMP_015,U163,單人旅遊,台灣,2,有電梯、停車方便、老闆親切、密碼鎖安全、環境乾淨整潔、住宿體驗佳,無,本次住宿安排房間在一樓，但民宿本身有電梯，對於行動不便的遊客是非常不錯的選擇，民宿旁也有空地可停車，自駕不用煩惱停車問題，民宿老闆是很親切好相處的女孩子，大門、房間都配密碼鎖，個人隱私、安全都很不錯，環境整體非常乾淨、整潔，住宿體驗真的是非常的棒!以後再到金門會再訂房~,
COMP_015,U164,團體旅遊,台灣,1,像在家一樣舒適、進門有咖啡款待、老闆娘熱心協助、整體感覺很好,無,就像是自己家的民宿，一進門就泡咖啡款待，詢問有沒有麻將老闆娘也馬上跟朋友調，超可愛！當天有點下雨，就請老闆娘問問有沒有大的汽車行可以租借的，也是馬上問到請車行老闆載我們去租，整體感覺很舒適，就像在家裡一樣的舒服！,
COMP_015,U165,雙人同行,台灣,2,地點方便、住宿安靜,無,住地點去哪都方便，住宿安靜,
COMP_015,U166,家庭,台灣,2,整體滿意、下次願意再住,無,下次去還會優先考慮的地點！,
COMP_015,U167,單人旅遊,台灣,2,環境舒適,無,環境很舒適,
COMP_015,U168,團體旅遊,台灣,2,房間超舒適乾淨、設備齊全、有空氣清淨機、環境安靜、一樓有咖啡機與鋼琴、老闆親切,無,房間超級舒適乾淨（謝謝清潔人員） 各項設備都非常齊全 有空氣清淨機 環境安靜 一樓客廳有咖啡機和鋼琴 老闆人非常親切 希望明年再來～,
COMP_015,U169,團體旅遊,台灣,2,周邊景點佳、觀景體驗棒,無,對面的慈湖觀夕陽、海灘軍事設施遺址（大推）、建功嶼分海以及屋頂金門大橋白天景夜景都棒棒的,
COMP_015,U170,家庭,台灣,3,整體簡單整潔,枕頭太軟不習慣,民宿整體簡單、整潔，唯一問題，枕頭太軟睡不習慣,
COMP_015,U171,雙人同行,台灣,2,整體表現佳,無,很好,
COMP_015,U172,家庭,台灣,2,房間舒服、床好睡、環境乾淨、有電梯、適合帶行李,無,房間很舒服~床一躺真的會秒睡~環境也乾淨~裡面還有電梯~行李不怕拿不動唷~ 下次再去金門會想再入住~棒棒,
COMP_016,U173,家庭,台灣,1,民宿溫馨便利、超級乾淨、好眠、房東熱心、景點介紹完整、機場接送貼心、近熱鬧區,無,民宿溫馨、便利，超級乾淨，非常好眠！ 房東非常熱心，提供完整的景點介紹！ 還有貼心的機場接送 👍 民宿臨近熱鬧區塊～吃喝玩樂都非常方便！很愉快的金門旅行～ 謝謝您們的用心😘 下次來金門玩～ 還是會想住蛋寶親子民宿的👌,
COMP_016,U174,家庭,台灣,1,房間空間大、佈置溫馨、有多種嬰幼兒玩具、老闆與小朋友友善,無,房間空間大且佈置溫馨，民宿提供多種嬰幼兒玩具，小小孩也很喜歡； 民宿老闆及小朋友都很友善、健談，非常舒適的住宿經驗。,
COMP_016,U175,雙人同行,台灣,2,房型大且舒適、乾淨、位置在老街、步行可逛街、女兒很喜歡,無,很喜歡這裡房型很大很舒適，裡面也很乾淨，位置在老街，走路就可以到處逛逛吃吃，女兒超喜歡老闆的,
COMP_016,U176,家庭,台灣,2,老闆娘親切熱心、環境適合小朋友、空間安全自在、有家的感覺,無,老闆娘非常親切且熱心給予許多幫助 民宿環境很適合小朋友 我兒兩歲在這個空間自在安全 喜歡家的感覺的旅客一定要來住唷！,
COMP_016,U177,家庭,台灣,1,整體表現佳,無,棒,
COMP_016,U178,家庭,台灣,2,位置很好、老闆夫妻熱情、房間超級乾淨,無,位置很好，老闆跟老闆娘很熱情，房間真的超級乾淨。,
COMP_016,U179,團體旅遊,台灣,2,老闆熱情、空間規劃用心、有童書與遊戲空間、床乾淨、記憶枕舒適,無,跟朋友一起入住親子民宿 雖然我們沒有小孩 但是可以感受到民宿老闆的熱情 跟很用心規劃民宿各個空間 不僅有童書，在房間跟1樓大廳有小孩的遊戲空間 很喜歡💕 睡覺的床很乾淨 也喜歡記憶枕頭,
COMP_016,U180,家庭,台灣,3,回訪仍維持熱情與初心、小主人可愛有禮、安排狗狗互動很暖心,無,回訪金門，維持相同選擇，老闆娘一樣熱情與保有初衷，謝謝老闆娘在疫情中仍是堅持，小主人們很可愛也好有禮貌，而且老闆娘聽到家裡小朋友喜歡狗狗，還特地把愛犬帶來跟小朋友互動，真是暖心！,
COMP_016,U181,團體旅遊,台灣,2,地點方便、環境乾淨,無,地點方便、環境乾淨,
COMP_016,U182,家庭,台灣,1,房間棒、設施棒、闆娘棒,車子不太好開進來,房間棒、設施棒、闆娘棒 就是車子不太好開進來而已 很推大推特推！,
COMP_017,U183,家庭,台灣,1,古宅改建有特色且現代化、屋主親切、文化知識豐富、叫車方便、願意再住,離老街有點距離,"1. 房子是古宅改建新宅, 宅院的設計可體驗古典的設計但有現代化的設施(水管,熱水, 廁所...etc) 2. 宅主待人親切, 對金門及附近的文化狀況很了解, 有空可以跟她聊天. 3. 離金門老街有點距離,但叫車很方便. 4. 若我再去金門玩這裡是不二選擇.",
COMP_017,U184,團體旅遊,台灣,2,老闆親切、願意分享在地故事、早餐用心、床被舒適、空間乾淨、出入方便可停車,家庭房較小、無對外窗較潮濕、隔音差、易受其他房客干擾,整體的強項就是老闆非常親切，樂意分享在地的許多典故，早餐預備很用心。 但初次體驗三合院住宿，家庭房空間較小，沒甚麼地方可放行李；沒直接對外窗，濕氣比較排不出去。但床和被子是舒服的，空間乾淨。 最大問題是，老厝的木板門和木栓拉闔聲音都很大，房間隔音差，雖然二房隔著客廳，但第一晚碰到另一個家庭房客，半夜11、12點多還出來聊天、泡麵看新聞；第二晚碰到老外房客到半夜還在院子裡喝酒聊天，就很受干擾，無法入睡。 所以看個人選擇。但老闆人真的很好，民宿位置離大路近，出入也很方便，門口就可停車，隨時可到聚落裡散步，慢慢拍照。,
COMP_017,U185,家庭,台灣,2,建築體驗特別、小孩喜歡閣樓、廁所乾淨、水壓強、晚上安靜、有共用空間、像包棟,四人房空間有點擠,來金門就是要體驗不一樣的建築，雖然四人房空間有點擠，但小孩很喜歡閣樓的部分，廁所很乾淨，水壓也很強，晚上很安靜，有共用空間（客廳、廚房），因為當天二館只有我們一組客人所以有包棟的感覺很棒，謝謝管家小姐，讓我們住的舒適自在😊,
COMP_017,U186,家庭,台灣,1,早餐廣東粥好吃、可在民宿喝咖啡看景、屋主友善、搭巴士到金城快、區域很棒,無,早餐還有好吃的廣東粥料多， 金門真的太曬了，來之前可以在民宿弄杯黑咖啡，在走去高地那邊俯瞰周圍風景看日落 或日出， 友善的屋主， 附近搭巴士去金城其實也很快（10分鐘） 不要怕遠，真的很讚的一個區域。,
COMP_017,U187,家庭,台灣,1,閣樓設計讓小孩喜歡、設備齊全舒適、有特色、外送可到、管家親切,附近吃食不便,小孩隨行入房看到有閣樓的兩張單人床馬上開心佔據秘密基地，閣樓上有窗廉遮蔽具隱密性，也有另一台冷氣及電風扇及插座，古厝改建的相當舒適及具有特色，小孩ㄧ覺到天亮，附近吃食不便但外送能叫的到。 管家闆娘服務親切讓此次入住金門古厝體驗非常美好，下次金門旅遊還是會首選珠山娜ㄧ家。,
COMP_017,U188,團體旅遊,台灣,2,住在珠山聚落很有風情、闆娘親切熱情、介紹人文、早餐豐盛、在地小吃多樣,無,這次住了三天兩夜，住在珠山聚落裡感受閩式建築風情，闆娘很親切熱情和我們介紹珠山的人文，兩天的早餐都很豐盛，不用去排隊就能吃到麵線、廣東粥、油條和燒餅，等於把金門厲害的小吃都吃到了~很推薦這裡唷~,
COMP_017,U189,單人旅遊,台灣,2,貓咪迎接很療癒、珠山環境清幽、管家與主人熱情、回憶美好,無,其實我不太想推薦的...因為怕以後會不太好訂房... 國慶連假前，獨自去了金門，到了陌生的珠山，打開娜一家大門，看到了貓貓貝貝喵喵叫跑出來迎接，住了兩晚都是貝貝陪著我喝茶聊天、看電視、吃貓條(疑!? 我很愛她~ 住的地點...基本上去金門都會租車吧，我想距離不是問題，遠離塵囂的珠山早晨才是我要的 想寫的很多，但在這邊寫了一篇作文好像不太適合... 美麗的回憶就放在心裡，最後還是說聲謝謝 謝謝娜姐和管家的熱情招待，還有兩位打工換宿的小美女，希望你們一切平安如常，身體健康 我們有緣再見~,
COMP_017,U190,團體旅遊,台灣,2,整體表現佳,無,Very Nice,
COMP_017,U191,家庭,台灣,2,小院子別緻、早餐好吃,隔音不佳、不適合淺眠或晚回旅客,小院子很別緻，早餐很好吃。隔音不佳，較不適合淺眠或是活動安排得較晚的旅客。,
COMP_017,U192,團體旅遊,台灣,1,環境乾淨整潔、有意境、老闆娘親切、可放鬆深睡、星空美麗,無,這次住二館，環境乾淨整潔、非常有意境，而且民宿老闆娘很親切人很好，原本怕是古厝住起來會有壓迫感，完全沒有，可以超級放鬆深沈睡眠，晚上的星星更是美麗，是個很好的住宿經驗。,
COMP_018,U193,雙人同行,台灣,1,主人分享生活文化深入、住宿用心、茶點佳、有福壽山茶、拍照有韻味、睡得舒服,無,"會好好跟旅客分享台金生活的心靈轉變以及斯土斯民的生活作息差異,對於島上特殊的文化形成過程也會有更深刻的體悟。 住宿方面,很用心,準備的茶點也很不錯,竟然有福壽山茶葉可以泡,很潤喉 雖然遇到金門的雨天,但是在冷冽的風雨中,於老宅拍照別有一番韻味,整晚睡得很舒服。",
COMP_018,U194,雙人同行,台灣,2,民宿很美、主人熱情、在地早餐豐盛,聚落路小且招牌不明、建議先聯絡以免找不到,民宿真的很美，民宿主人很熱情，還有豐盛的在地早餐，真的很棒！在地的傳統聚落路都比較小，而且為了不破壞古蹟不會有明顯的招牌，建議要提前跟民宿主人聯絡，以免找不到。,
COMP_018,U195,團體旅遊,台灣,1,老闆熱情、介紹詳細、可依天氣給行程建議、升等房型、早餐豐盛好吃,無,老闆十分熱情，對金門的介紹很詳細，也能視當天時間、天氣給予行程上的建議，兩人房直接被升成閣樓式四人房，而且早餐超級豐盛！很好吃！,
COMP_018,U196,家庭,台灣,2,老闆親切、性價比高,無,老闆好親切！性價比超高,
COMP_018,U197,雙人同行,台灣,2,老闆健談親切、環境清幽、值得推薦,無,老闆健談又親切，環境非常清幽值得推薦,
COMP_018,U198,雙人同行,台灣,2,體驗不同於飯店的住宿感受,無,感受著不同飯店的住宿,
COMP_018,U199,雙人同行,台灣,1,閩式老宅風格值得體驗,無,閔式老宅風格 值得體驗!,
COMP_018,U200,商務旅客,台灣,1,金門在地早餐非常棒,無,金門在地早餐一級棒!!!大推,
COMP_018,U201,雙人同行,台灣,3,老闆耐心、房間整潔氛圍佳、咖啡茶點與名產供應充足、早餐在地又份量大,無,老闆人很好有任何的疑問詢問他，都會耐心仔細的回答。房間的整潔度和氛圍也是好的沒話說，也有提供好喝的現磨咖啡和茶（茶包、茶葉都有）還有金門名產（貢糖、麻荖）讓你無限使用。早餐提供的也都是當地有名的廣東粥、油條、麵線，燒餅等不但味道很好，份量也都很大，本人是一個很會吃的人（爭鮮壽司可以吃30盤的那種）吃完他們的早餐可以飽到下午,
COMP_018,U202,商務旅客,台灣,2,內部裝置用心舒適、早餐匯集在地美食、房間乾淨舒適、住得愉快,無,民宿內部裝置非常用心且舒適 早上匯聚許多好吃的金門在地美食 房間乾淨舒適，住起來非常愉快,
